segment,scenario,mandatory_count,csp_vs_heuristic,heuristic_visits,csp_visits,heuristic_optional,csp_optional,heuristic_travel,csp_travel,heuristic_duration,csp_duration,disabled_outcome,heuristic_outcome,csp_outcome,csp_nodes,csp_solutions_found,csp_search_completed,csp_node_limit,csp_time_limit
named,zigzag,2,worse,4,4,2,2,81,81,256,256,heuristic,heuristic,csp,18,7,true,false,false
named,zigzag-240,2,equal,3,3,1,1,77,77,212,212,heuristic,heuristic,csp,11,4,true,false,false
named,tail-infeasible,1,equal,2,2,1,1,45,45,200,200,heuristic,heuristic,csp,1,1,true,false,false
named,asymmetric,1,equal,3,3,2,2,45,45,180,180,heuristic,heuristic,csp,1,1,true,false,false
named,two-opt,0,equal,4,4,4,4,30,30,205,205,heuristic,heuristic,csp,15,15,true,false,false
named,relocate,0,equal,4,4,4,4,25,25,200,200,heuristic,heuristic,csp,11,11,true,false,false
named,reconsideration,0,equal,5,5,5,5,35,35,240,240,heuristic,heuristic,csp,23,23,true,false,false
c10-m0,c10-m0-s1,0,better,10,10,10,10,137,132,552,547,heuristic,heuristic,csp,1355,1355,true,false,false
c10-m0,c10-m0-s2,0,better,10,10,10,10,145,132,560,547,heuristic,heuristic,csp,5033,5033,true,false,false
c10-m0,c10-m0-s3,0,better,10,10,10,10,165,155,580,570,heuristic,heuristic,csp,19566,19566,true,false,false
c10-m0,c10-m0-s4,0,equal,10,10,10,10,123,123,538,538,heuristic,heuristic,csp,6254,6254,true,false,false
c10-m0,c10-m0-s5,0,better,10,10,10,10,133,120,548,535,heuristic,heuristic,csp,3995,3995,true,false,false
c10-m0,c10-m0-s6,0,better,10,10,10,10,163,123,578,538,heuristic,heuristic,csp,2714,2714,true,false,false
c10-m0,c10-m0-s7,0,better,10,10,10,10,121,117,536,532,heuristic,heuristic,csp,13405,13405,true,false,false
c10-m0,c10-m0-s8,0,equal,10,10,10,10,119,119,534,534,heuristic,heuristic,csp,4155,4155,true,false,false
c10-m0,c10-m0-s9,0,equal,10,10,10,10,122,122,537,537,heuristic,heuristic,csp,5471,5471,true,false,false
c10-m0,c10-m0-s10,0,better,10,10,10,10,124,113,539,528,heuristic,heuristic,csp,3430,3430,true,false,false
c10-m0,c10-m0-s11,0,better,10,10,10,10,137,120,552,535,heuristic,heuristic,csp,8136,8136,true,false,false
c10-m0,c10-m0-s12,0,better,10,10,10,10,120,111,535,526,heuristic,heuristic,csp,1922,1922,true,false,false
c10-m0,c10-m0-s13,0,better,10,10,10,10,148,123,563,538,heuristic,heuristic,csp,1022,1022,true,false,false
c10-m0,c10-m0-s14,0,better,10,10,10,10,128,120,543,535,heuristic,heuristic,csp,3692,3692,true,false,false
c10-m0,c10-m0-s15,0,better,10,10,10,10,145,125,560,540,heuristic,heuristic,csp,4364,4364,true,false,false
c10-m0,c10-m0-s16,0,better,10,10,10,10,156,138,571,553,heuristic,heuristic,csp,12553,12553,true,false,false
c10-m0,c10-m0-s17,0,better,10,10,10,10,142,138,557,553,heuristic,heuristic,csp,8832,8832,true,false,false
c10-m0,c10-m0-s18,0,better,10,10,10,10,163,133,578,548,heuristic,heuristic,csp,2041,2041,true,false,false
c10-m0,c10-m0-s19,0,better,10,10,10,10,152,132,567,547,heuristic,heuristic,csp,8089,8089,true,false,false
c10-m0,c10-m0-s20,0,better,10,10,10,10,153,136,568,551,heuristic,heuristic,csp,6167,6167,true,false,false
c10-m0,c10-m0-s21,0,better,10,10,10,10,149,144,564,559,heuristic,heuristic,csp,7247,7247,true,false,false
c10-m0,c10-m0-s22,0,better,10,10,10,10,148,137,563,552,heuristic,heuristic,csp,5879,5879,true,false,false
c10-m0,c10-m0-s23,0,better,10,10,10,10,117,111,532,526,heuristic,heuristic,csp,2712,2712,true,false,false
c10-m0,c10-m0-s24,0,better,10,10,10,10,122,113,537,528,heuristic,heuristic,csp,9078,9078,true,false,false
c10-m0,c10-m0-s25,0,better,10,10,10,10,145,132,560,547,heuristic,heuristic,csp,3702,3702,true,false,false
c10-m1,c10-m1-s1,1,better,10,10,9,9,137,132,552,547,heuristic,heuristic,csp,1843,1252,true,false,false
c10-m1,c10-m1-s2,1,better,10,10,9,9,145,132,560,547,heuristic,heuristic,csp,5033,4130,true,false,false
c10-m1,c10-m1-s3,1,better,10,10,9,9,165,155,580,570,heuristic,heuristic,csp,19535,14199,true,false,false
c10-m1,c10-m1-s4,1,equal,10,10,9,9,123,123,538,538,heuristic,heuristic,csp,10904,8238,true,false,false
c10-m1,c10-m1-s5,1,better,10,10,9,9,133,120,548,535,heuristic,heuristic,csp,4434,2921,true,false,false
c10-m1,c10-m1-s6,1,better,10,10,9,9,163,123,578,538,heuristic,heuristic,csp,5481,4292,true,false,false
c10-m1,c10-m1-s7,1,better,10,10,9,9,121,117,536,532,heuristic,heuristic,csp,15184,7820,true,false,false
c10-m1,c10-m1-s8,1,equal,10,10,9,9,119,119,534,534,heuristic,heuristic,csp,5298,3882,true,false,false
c10-m1,c10-m1-s9,1,equal,10,10,9,9,122,122,537,537,heuristic,heuristic,csp,5823,5493,true,false,false
c10-m1,c10-m1-s10,1,better,10,10,9,9,124,113,539,528,heuristic,heuristic,csp,3430,2947,true,false,false
c10-m1,c10-m1-s11,1,better,10,10,9,9,137,120,552,535,heuristic,heuristic,csp,8144,6159,true,false,false
c10-m1,c10-m1-s12,1,better,10,10,9,9,120,111,535,526,heuristic,heuristic,csp,4482,3557,true,false,false
c10-m1,c10-m1-s13,1,better,10,10,9,9,148,123,563,538,heuristic,heuristic,csp,2739,2439,true,false,false
c10-m1,c10-m1-s14,1,better,10,10,9,9,128,120,543,535,heuristic,heuristic,csp,8481,7741,true,false,false
c10-m1,c10-m1-s15,1,better,10,10,9,9,145,125,560,540,heuristic,heuristic,csp,5895,4205,true,false,false
c10-m1,c10-m1-s16,1,better,10,10,9,9,156,138,571,553,heuristic,heuristic,csp,13028,7592,true,false,false
c10-m1,c10-m1-s17,1,better,10,10,9,9,142,138,557,553,heuristic,heuristic,csp,8810,3977,true,false,false
c10-m1,c10-m1-s18,1,better,10,10,9,9,163,133,578,548,heuristic,heuristic,csp,3957,3151,true,false,false
c10-m1,c10-m1-s19,1,better,10,10,9,9,152,132,567,547,heuristic,heuristic,csp,8230,7340,true,false,false
c10-m1,c10-m1-s20,1,better,10,10,9,9,153,136,568,551,heuristic,heuristic,csp,6793,5645,true,false,false
c10-m1,c10-m1-s21,1,better,10,10,9,9,149,144,564,559,heuristic,heuristic,csp,7243,5679,true,false,false
c10-m1,c10-m1-s22,1,better,10,10,9,9,148,137,563,552,heuristic,heuristic,csp,6151,4040,true,false,false
c10-m1,c10-m1-s23,1,better,10,10,9,9,117,111,532,526,heuristic,heuristic,csp,2788,1783,true,false,false
c10-m1,c10-m1-s24,1,better,10,10,9,9,122,113,537,528,heuristic,heuristic,csp,9162,7558,true,false,false
c10-m1,c10-m1-s25,1,better,10,10,9,9,145,132,560,547,heuristic,heuristic,csp,3702,1698,true,false,false
c10-m3,c10-m3-s1,3,equal,10,10,7,7,132,132,547,547,heuristic,heuristic,csp,1828,844,true,false,false
c10-m3,c10-m3-s2,3,equal,10,10,7,7,132,132,547,547,heuristic,heuristic,csp,5890,1933,true,false,false
c10-m3,c10-m3-s3,3,better,10,10,7,7,162,155,577,570,heuristic,heuristic,csp,19679,6202,true,false,false
c10-m3,c10-m3-s4,3,equal,10,10,7,7,123,123,538,538,heuristic,heuristic,csp,6257,1773,true,false,false
c10-m3,c10-m3-s5,3,equal,10,10,7,7,120,120,535,535,heuristic,heuristic,csp,4585,1197,true,false,false
c10-m3,c10-m3-s6,3,better,10,10,7,7,133,123,548,538,heuristic,heuristic,csp,2938,934,true,false,false
c10-m3,c10-m3-s7,3,better,10,10,7,7,121,117,536,532,heuristic,heuristic,csp,13191,3718,true,false,false
c10-m3,c10-m3-s8,3,equal,10,10,7,7,119,119,534,534,heuristic,heuristic,csp,5292,1623,true,false,false
c10-m3,c10-m3-s9,3,equal,10,10,7,7,122,122,537,537,heuristic,heuristic,csp,10823,5838,true,false,false
c10-m3,c10-m3-s10,3,equal,10,10,7,7,113,113,528,528,heuristic,heuristic,csp,3829,1544,true,false,false
c10-m3,c10-m3-s11,3,better,10,10,7,7,127,120,542,535,heuristic,heuristic,csp,8220,2398,true,false,false
c10-m3,c10-m3-s12,3,better,10,10,7,7,118,111,533,526,heuristic,heuristic,csp,4211,1486,true,false,false
c10-m3,c10-m3-s13,3,better,10,10,7,7,132,123,547,538,heuristic,heuristic,csp,1425,671,true,false,false
c10-m3,c10-m3-s14,3,better,10,10,7,7,128,120,543,535,heuristic,heuristic,csp,2443,1178,true,false,false
c10-m3,c10-m3-s15,3,better,10,10,7,7,134,125,549,540,heuristic,heuristic,csp,4659,1364,true,false,false
c10-m3,c10-m3-s16,3,better,10,10,7,7,145,138,560,553,heuristic,heuristic,csp,12130,1941,true,false,false
c10-m3,c10-m3-s17,3,better,10,10,7,7,142,138,557,553,heuristic,heuristic,csp,9059,1299,true,false,false
c10-m3,c10-m3-s18,3,better,10,10,7,7,163,133,578,548,heuristic,heuristic,csp,3190,1044,true,false,false
c10-m3,c10-m3-s19,3,better,10,10,7,7,133,132,548,547,heuristic,heuristic,csp,5652,2373,true,false,false
c10-m3,c10-m3-s20,3,better,10,10,7,7,146,136,561,551,heuristic,heuristic,csp,10813,4736,true,false,false
c10-m3,c10-m3-s21,3,better,10,10,7,7,149,144,564,559,heuristic,heuristic,csp,4752,1896,true,false,false
c10-m3,c10-m3-s22,3,better,10,10,7,7,152,137,567,552,heuristic,heuristic,csp,6256,1111,true,false,false
c10-m3,c10-m3-s23,3,better,10,10,7,7,117,111,532,526,heuristic,heuristic,csp,3357,1023,true,false,false
c10-m3,c10-m3-s24,3,better,10,10,7,7,122,113,537,528,heuristic,heuristic,csp,6221,1583,true,false,false
c10-m3,c10-m3-s25,3,better,10,10,7,7,145,132,560,547,heuristic,heuristic,csp,6612,1814,true,false,false
c10-m6,c10-m6-s1,6,equal,10,10,4,4,132,132,547,547,heuristic,heuristic,csp,1100,206,true,false,false
c10-m6,c10-m6-s2,6,better,10,10,4,4,143,132,558,547,heuristic,heuristic,csp,5187,308,true,false,false
c10-m6,c10-m6-s3,6,better,10,10,4,4,156,155,571,570,heuristic,heuristic,csp,19248,1147,true,false,false
c10-m6,c10-m6-s4,6,equal,10,10,4,4,123,123,538,538,heuristic,heuristic,csp,10649,1385,true,false,false
c10-m6,c10-m6-s5,6,better,10,10,4,4,123,120,538,535,heuristic,heuristic,csp,3299,332,true,false,false
c10-m6,c10-m6-s6,6,better,10,10,4,4,142,123,557,538,heuristic,heuristic,csp,3743,322,true,false,false
c10-m6,c10-m6-s7,6,better,10,10,4,4,120,117,535,532,heuristic,heuristic,csp,10671,373,true,false,false
c10-m6,c10-m6-s8,6,better,10,10,4,4,129,119,544,534,heuristic,heuristic,csp,3396,275,true,false,false
c10-m6,c10-m6-s9,6,equal,10,10,4,4,122,122,537,537,heuristic,heuristic,csp,5213,504,true,false,false
c10-m6,c10-m6-s10,6,better,10,10,4,4,121,113,536,528,heuristic,heuristic,csp,5850,958,true,false,false
c10-m6,c10-m6-s11,6,better,10,10,4,4,127,120,542,535,heuristic,heuristic,csp,3962,237,true,false,false
c10-m6,c10-m6-s12,6,equal,10,10,4,4,111,111,526,526,heuristic,heuristic,csp,2000,149,true,false,false
c10-m6,c10-m6-s13,6,better,10,10,4,4,135,123,550,538,heuristic,heuristic,csp,5899,703,true,false,false
c10-m6,c10-m6-s14,6,better,10,10,4,4,130,120,545,535,heuristic,heuristic,csp,1585,213,true,false,false
c10-m6,c10-m6-s15,6,better,10,10,4,4,132,125,547,540,heuristic,heuristic,csp,4652,406,true,false,false
c10-m6,c10-m6-s16,6,better,10,10,4,4,146,138,561,553,heuristic,heuristic,csp,13063,816,true,false,false
c10-m6,c10-m6-s17,6,equal,10,10,4,4,138,138,553,553,heuristic,heuristic,csp,9241,204,true,false,false
c10-m6,c10-m6-s18,6,better,10,10,4,4,144,133,559,548,heuristic,heuristic,csp,2622,318,true,false,false
c10-m6,c10-m6-s19,6,equal,10,10,4,4,132,132,547,547,heuristic,heuristic,csp,7831,880,true,false,false
c10-m6,c10-m6-s20,6,better,10,10,4,4,138,136,553,551,heuristic,heuristic,csp,6196,784,true,false,false
c10-m6,c10-m6-s21,6,better,10,10,4,4,144,144,559,559,heuristic,heuristic,csp,4176,145,true,false,false
c10-m6,c10-m6-s22,6,better,10,10,4,4,140,137,555,552,heuristic,heuristic,csp,2215,35,true,false,false
c10-m6,c10-m6-s23,6,better,10,10,4,4,130,111,545,526,heuristic,heuristic,csp,5443,285,true,false,false
c10-m6,c10-m6-s24,6,better,10,10,4,4,127,113,542,528,heuristic,heuristic,csp,4418,183,true,false,false
c10-m6,c10-m6-s25,6,better,10,10,4,4,145,132,560,547,heuristic,heuristic,csp,6303,511,true,false,false
c20-m0,c20-m0-s1,0,worse,11,10,11,10,143,119,598,534,heuristic,heuristic,csp,122289,122289,true,false,false
c20-m0,c20-m0-s2,0,worse,10,10,10,10,154,132,569,547,heuristic,heuristic,csp,200001,200000,false,true,false
c20-m0,c20-m0-s3,0,worse,10,10,10,10,160,120,575,535,heuristic,heuristic,csp,91811,91811,true,false,false
c20-m0,c20-m0-s4,0,worse,11,10,11,10,129,113,584,528,heuristic,heuristic,csp,92332,92332,true,false,false
c20-m0,c20-m0-s5,0,worse,11,10,11,10,136,118,591,533,heuristic,heuristic,csp,200001,200000,false,true,false
c20-m0,c20-m0-s6,0,worse,10,10,10,10,149,125,564,540,heuristic,heuristic,csp,200001,200000,false,true,false
c20-m0,c20-m0-s7,0,worse,11,10,11,10,135,110,590,525,heuristic,heuristic,csp,51611,51611,true,false,false
c20-m0,c20-m0-s8,0,worse,11,10,11,10,133,117,588,532,heuristic,heuristic,csp,93223,93223,true,false,false
c20-m0,c20-m0-s9,0,worse,10,10,10,10,171,132,586,547,heuristic,heuristic,csp,200001,200000,false,true,false
c20-m0,c20-m0-s10,0,worse,11,10,11,10,129,99,584,514,heuristic,heuristic,csp,72729,72729,true,false,false
c20-m0,c20-m0-s11,0,worse,11,10,11,10,134,108,589,523,heuristic,heuristic,csp,105819,105819,true,false,false
c20-m0,c20-m0-s12,0,worse,10,10,10,10,152,134,567,549,heuristic,heuristic,csp,200001,200000,false,true,false
c20-m0,c20-m0-s13,0,better,10,10,10,10,144,128,559,543,heuristic,heuristic,csp,31457,31457,true,false,false
c20-m0,c20-m0-s14,0,worse,11,10,11,10,135,96,590,511,heuristic,heuristic,csp,151314,151314,true,false,false
c20-m0,c20-m0-s15,0,worse,11,10,11,10,121,102,576,517,heuristic,heuristic,csp,34048,34048,true,false,false
c20-m0,c20-m0-s16,0,worse,10,10,10,10,162,129,577,544,heuristic,heuristic,csp,200001,200000,false,true,false
c20-m0,c20-m0-s17,0,worse,10,10,10,10,166,122,581,537,heuristic,heuristic,csp,54294,54294,true,false,false
c20-m0,c20-m0-s18,0,worse,11,10,11,10,139,130,594,545,heuristic,heuristic,csp,200001,200000,false,true,false
c20-m0,c20-m0-s19,0,worse,11,10,11,10,138,122,593,537,heuristic,heuristic,csp,23106,23106,true,false,false
c20-m0,c20-m0-s20,0,equal,10,10,10,10,142,142,557,557,heuristic,heuristic,csp,200001,200000,false,true,false
c20-m0,c20-m0-s21,0,worse,11,10,11,10,141,121,596,536,heuristic,heuristic,csp,163423,163423,true,false,false
c20-m0,c20-m0-s22,0,worse,10,10,10,10,148,124,563,539,heuristic,heuristic,csp,148899,148899,true,false,false
c20-m0,c20-m0-s23,0,worse,11,10,11,10,131,123,586,538,heuristic,heuristic,csp,200001,200000,false,true,false
c20-m0,c20-m0-s24,0,worse,11,10,11,10,133,106,588,521,heuristic,heuristic,csp,101120,101120,true,false,false
c20-m0,c20-m0-s25,0,better,10,10,10,10,140,133,555,548,heuristic,heuristic,csp,131973,131973,true,false,false
c20-m1,c20-m1-s1,1,worse,11,10,10,9,143,119,598,534,heuristic,heuristic,csp,117079,85273,true,false,false
c20-m1,c20-m1-s2,1,worse,10,10,9,9,154,132,569,547,heuristic,heuristic,csp,200001,133431,false,true,false
c20-m1,c20-m1-s3,1,worse,10,10,9,9,160,120,575,535,heuristic,heuristic,csp,161048,110868,true,false,false
c20-m1,c20-m1-s4,1,worse,11,10,10,9,129,113,584,528,heuristic,heuristic,csp,94002,79912,true,false,false
c20-m1,c20-m1-s5,1,worse,11,10,10,9,136,118,591,533,heuristic,heuristic,csp,200001,172352,false,true,false
c20-m1,c20-m1-s6,1,worse,10,10,9,9,149,125,564,540,heuristic,heuristic,csp,200001,136094,false,true,false
c20-m1,c20-m1-s7,1,worse,11,10,10,9,135,110,590,525,heuristic,heuristic,csp,49823,33418,true,false,false
c20-m1,c20-m1-s8,1,worse,11,10,10,9,133,117,588,532,heuristic,heuristic,csp,116998,99023,true,false,false
c20-m1,c20-m1-s9,1,worse,10,10,9,9,171,132,586,547,heuristic,heuristic,csp,200001,160590,false,true,false
c20-m1,c20-m1-s10,1,worse,11,10,10,9,129,108,584,523,heuristic,heuristic,csp,67745,48914,true,false,false
c20-m1,c20-m1-s11,1,worse,11,10,10,9,134,108,589,523,heuristic,heuristic,csp,105416,29492,true,false,false
c20-m1,c20-m1-s12,1,worse,10,10,9,9,152,134,567,549,heuristic,heuristic,csp,200001,149110,false,true,false
c20-m1,c20-m1-s13,1,better,10,10,9,9,144,128,559,543,heuristic,heuristic,csp,35727,29218,true,false,false
c20-m1,c20-m1-s14,1,worse,11,10,10,9,135,96,590,511,heuristic,heuristic,csp,149618,105138,true,false,false
c20-m1,c20-m1-s15,1,worse,11,10,10,9,121,102,576,517,heuristic,heuristic,csp,32133,23247,true,false,false
c20-m1,c20-m1-s16,1,worse,10,10,9,9,162,165,577,580,heuristic,heuristic,csp,200001,199998,false,true,false
c20-m1,c20-m1-s17,1,worse,10,10,9,9,166,122,581,537,heuristic,heuristic,csp,64421,35985,true,false,false
c20-m1,c20-m1-s18,1,worse,11,10,10,9,139,132,594,547,heuristic,heuristic,csp,200001,161711,false,true,false
c20-m1,c20-m1-s19,1,worse,11,10,10,9,138,122,593,537,heuristic,heuristic,csp,20918,11581,true,false,false
c20-m1,c20-m1-s20,1,equal,10,10,9,9,142,142,557,557,heuristic,heuristic,csp,200001,140237,false,true,false
c20-m1,c20-m1-s21,1,worse,11,10,10,9,141,121,596,536,heuristic,heuristic,csp,200001,135230,false,true,false
c20-m1,c20-m1-s22,1,worse,10,10,9,9,148,124,563,539,heuristic,heuristic,csp,145014,74978,true,false,false
c20-m1,c20-m1-s23,1,worse,11,10,10,9,131,123,586,538,heuristic,heuristic,csp,200001,200000,false,true,false
c20-m1,c20-m1-s24,1,worse,11,10,10,9,133,106,588,521,heuristic,heuristic,csp,135443,105179,true,false,false
c20-m1,c20-m1-s25,1,better,10,10,9,9,140,133,555,548,heuristic,heuristic,csp,194765,142705,true,false,false
c20-m3,c20-m3-s1,3,worse,11,10,8,7,143,119,598,534,heuristic,heuristic,csp,156295,61113,true,false,false
c20-m3,c20-m3-s2,3,worse,11,10,8,7,145,132,600,547,heuristic,heuristic,csp,200001,73311,false,true,false
c20-m3,c20-m3-s3,3,worse,10,10,7,7,156,120,571,535,heuristic,heuristic,csp,159276,39586,true,false,false
c20-m3,c20-m3-s4,3,worse,11,10,8,7,145,113,600,528,heuristic,heuristic,csp,92433,40314,true,false,false
c20-m3,c20-m3-s5,3,worse,11,10,8,7,136,118,591,533,heuristic,heuristic,csp,121701,35497,true,false,false
c20-m3,c20-m3-s6,3,worse,10,10,7,7,149,107,564,522,heuristic,heuristic,csp,200001,28849,false,true,false
c20-m3,c20-m3-s7,3,worse,11,10,8,7,144,110,599,525,heuristic,heuristic,csp,48274,15542,true,false,false
c20-m3,c20-m3-s8,3,worse,11,10,8,7,126,117,581,532,heuristic,heuristic,csp,103747,40262,true,false,false
c20-m3,c20-m3-s9,3,worse,10,10,7,7,166,132,581,547,heuristic,heuristic,csp,200001,48193,false,true,false
c20-m3,c20-m3-s10,3,worse,11,10,8,7,128,108,583,523,heuristic,heuristic,csp,59234,11774,true,false,false
c20-m3,c20-m3-s11,3,worse,11,10,8,7,135,108,590,523,heuristic,heuristic,csp,113183,8829,true,false,false
c20-m3,c20-m3-s12,3,worse,10,10,7,7,152,134,567,549,heuristic,heuristic,csp,200001,75552,false,true,false
c20-m3,c20-m3-s13,3,worse,11,10,8,7,140,128,595,543,heuristic,heuristic,csp,54128,14313,true,false,false
c20-m3,c20-m3-s14,3,worse,11,10,8,7,141,96,596,511,heuristic,heuristic,csp,89079,20302,true,false,false
c20-m3,c20-m3-s15,3,worse,11,10,8,7,121,102,576,517,heuristic,heuristic,csp,32373,5527,true,false,false
c20-m3,c20-m3-s16,3,worse,10,10,7,7,160,129,575,544,heuristic,heuristic,csp,200001,120333,false,true,false
c20-m3,c20-m3-s17,3,worse,10,10,7,7,140,126,555,541,heuristic,heuristic,csp,68072,13729,true,false,false
c20-m3,c20-m3-s18,3,worse,11,10,8,7,139,141,594,556,heuristic,heuristic,csp,200001,89237,false,true,false
c20-m3,c20-m3-s19,3,worse,11,10,8,7,138,122,593,537,heuristic,heuristic,csp,20398,1284,true,false,false
c20-m3,c20-m3-s20,3,worse,11,10,8,7,132,140,587,555,heuristic,heuristic,csp,200001,38589,false,true,false
c20-m3,c20-m3-s21,3,worse,11,10,8,7,141,121,596,536,heuristic,heuristic,csp,200001,75406,false,true,false
c20-m3,c20-m3-s22,3,worse,10,10,7,7,148,124,563,539,heuristic,heuristic,csp,128563,15357,true,false,false
c20-m3,c20-m3-s23,3,worse,11,10,8,7,131,119,586,534,heuristic,heuristic,csp,200001,81863,false,true,false
c20-m3,c20-m3-s24,3,worse,11,10,8,7,133,106,588,521,heuristic,heuristic,csp,90990,33650,true,false,false
c20-m3,c20-m3-s25,3,worse,11,10,8,7,144,133,599,548,heuristic,heuristic,csp,139847,49824,true,false,false
c20-m6,c20-m6-s1,6,worse,11,10,5,4,138,119,593,534,heuristic,heuristic,csp,91941,4973,true,false,false
c20-m6,c20-m6-s2,6,worse,10,10,4,4,147,123,562,538,heuristic,heuristic,csp,200001,5408,false,true,false
c20-m6,c20-m6-s3,6,worse,10,10,4,4,158,120,573,535,heuristic,heuristic,csp,87064,1526,true,false,false
c20-m6,c20-m6-s4,6,worse,11,10,5,4,131,113,586,528,heuristic,heuristic,csp,121489,9753,true,false,false
c20-m6,c20-m6-s5,6,worse,11,10,5,4,131,118,586,533,heuristic,heuristic,csp,111688,2137,true,false,false
c20-m6,c20-m6-s6,6,better,10,10,4,4,152,151,567,566,heuristic,heuristic,csp,200001,6465,false,true,false
c20-m6,c20-m6-s7,6,worse,11,10,5,4,140,110,595,525,heuristic,heuristic,csp,56226,6393,true,false,false
c20-m6,c20-m6-s8,6,worse,11,10,5,4,137,117,592,532,heuristic,heuristic,csp,39331,2996,true,false,false
c20-m6,c20-m6-s9,6,worse,10,10,4,4,166,135,581,550,heuristic,heuristic,csp,200001,712,false,true,false
c20-m6,c20-m6-s10,6,worse,11,10,5,4,124,108,579,523,heuristic,heuristic,csp,85571,4404,true,false,false
c20-m6,c20-m6-s11,6,worse,11,10,5,4,134,108,589,523,heuristic,heuristic,csp,107851,2589,true,false,false
c20-m6,c20-m6-s12,6,worse,10,10,4,4,150,134,565,549,heuristic,heuristic,csp,200001,8321,false,true,false
c20-m6,c20-m6-s13,6,better,10,10,4,4,142,128,557,543,heuristic,heuristic,csp,31691,1114,true,false,false
c20-m6,c20-m6-s14,6,worse,11,10,5,4,125,96,580,511,heuristic,heuristic,csp,43150,1195,true,false,false
c20-m6,c20-m6-s15,6,worse,11,10,5,4,122,102,577,517,heuristic,heuristic,csp,59853,2063,true,false,false
c20-m6,c20-m6-s16,6,worse,10,10,4,4,162,153,577,568,heuristic,heuristic,csp,200001,12916,false,true,false
c20-m6,c20-m6-s17,6,worse,11,10,5,4,145,126,600,541,heuristic,heuristic,csp,53647,3853,true,false,false
c20-m6,c20-m6-s18,6,worse,11,10,5,4,137,132,592,547,heuristic,heuristic,csp,200001,12179,false,true,false
c20-m6,c20-m6-s19,6,worse,11,10,5,4,145,122,600,537,heuristic,heuristic,csp,43123,705,true,false,false
c20-m6,c20-m6-s20,6,worse,11,10,5,4,140,142,595,557,heuristic,heuristic,csp,200001,3447,false,true,false
c20-m6,c20-m6-s21,6,worse,11,10,5,4,134,121,589,536,heuristic,heuristic,csp,192562,9142,true,false,false
c20-m6,c20-m6-s22,6,worse,10,10,4,4,149,124,564,539,heuristic,heuristic,csp,134230,2088,true,false,false
c20-m6,c20-m6-s23,6,worse,11,10,5,4,131,104,586,519,heuristic,heuristic,csp,200001,16295,false,true,false
c20-m6,c20-m6-s24,6,worse,11,10,5,4,133,106,588,521,heuristic,heuristic,csp,52447,3272,true,false,false
c20-m6,c20-m6-s25,6,better,10,10,4,4,140,133,555,548,heuristic,heuristic,csp,121816,4108,true,false,false
c40-m0,c40-m0-s1,0,worse,11,10,11,10,120,121,575,536,heuristic,heuristic,csp,200001,200000,false,true,false
c40-m0,c40-m0-s2,0,worse,11,10,11,10,139,132,594,547,heuristic,heuristic,csp,81876,81876,true,false,false
c40-m0,c40-m0-s3,0,worse,11,10,11,10,141,123,596,538,heuristic,heuristic,csp,138066,138066,true,false,false
c40-m0,c40-m0-s4,0,worse,10,10,10,10,155,126,570,541,heuristic,heuristic,csp,200001,200000,false,true,false
c40-m0,c40-m0-s5,0,worse,11,10,11,10,142,108,597,523,heuristic,heuristic,csp,132654,132654,true,false,false
c40-m0,c40-m0-s6,0,worse,11,10,11,10,142,127,597,542,heuristic,heuristic,csp,200001,200000,false,true,false
c40-m0,c40-m0-s7,0,worse,11,10,11,10,128,113,583,528,heuristic,heuristic,csp,192361,192361,true,false,false
c40-m0,c40-m0-s8,0,worse,11,10,11,10,139,133,594,548,heuristic,heuristic,csp,200001,200000,false,true,false
c40-m0,c40-m0-s9,0,worse,10,10,10,10,178,142,593,557,heuristic,heuristic,csp,200001,200000,false,true,false
c40-m0,c40-m0-s10,0,worse,11,10,11,10,110,97,565,512,heuristic,heuristic,csp,107318,107318,true,false,false
c40-m0,c40-m0-s11,0,worse,11,10,11,10,141,117,596,532,heuristic,heuristic,csp,95592,95592,true,false,false
c40-m0,c40-m0-s12,0,worse,10,10,10,10,156,130,571,545,heuristic,heuristic,csp,143237,143237,true,false,false
c40-m0,c40-m0-s13,0,worse,11,10,11,10,144,120,599,535,heuristic,heuristic,csp,57261,57261,true,false,false
c40-m0,c40-m0-s14,0,worse,11,10,11,10,142,135,597,550,heuristic,heuristic,csp,200001,200000,false,true,false
c40-m0,c40-m0-s15,0,worse,11,10,11,10,125,108,580,523,heuristic,heuristic,csp,26953,26953,true,false,false
c40-m0,c40-m0-s16,0,worse,11,10,11,10,140,113,595,528,heuristic,heuristic,csp,151089,151089,true,false,false
c40-m0,c40-m0-s17,0,worse,10,10,10,10,163,115,578,530,heuristic,heuristic,csp,200001,200000,false,true,false
c40-m0,c40-m0-s18,0,worse,11,10,11,10,143,115,598,530,heuristic,heuristic,csp,71401,71401,true,false,false
c40-m0,c40-m0-s19,0,worse,11,10,11,10,141,114,596,529,heuristic,heuristic,csp,98713,98713,true,false,false
c40-m0,c40-m0-s20,0,worse,11,10,11,10,137,131,592,546,heuristic,heuristic,csp,61996,61996,true,false,false
c40-m0,c40-m0-s21,0,worse,11,10,11,10,127,103,582,518,heuristic,heuristic,csp,88992,88992,true,false,false
c40-m0,c40-m0-s22,0,worse,11,10,11,10,140,111,595,526,heuristic,heuristic,csp,18865,18865,true,false,false
c40-m0,c40-m0-s23,0,worse,11,10,11,10,144,131,599,546,heuristic,heuristic,csp,200001,200000,false,true,false
c40-m0,c40-m0-s24,0,worse,11,10,11,10,143,106,598,521,heuristic,heuristic,csp,67481,67481,true,false,false
c40-m0,c40-m0-s25,0,worse,11,10,11,10,128,124,583,539,heuristic,heuristic,csp,42075,42075,true,false,false
c40-m1,c40-m1-s1,1,worse,11,10,10,9,120,135,575,550,heuristic,heuristic,csp,200001,200000,false,true,false
c40-m1,c40-m1-s2,1,worse,11,10,10,9,139,132,594,547,heuristic,heuristic,csp,80027,58631,true,false,false
c40-m1,c40-m1-s3,1,worse,11,10,10,9,141,123,596,538,heuristic,heuristic,csp,200001,139799,false,true,false
c40-m1,c40-m1-s4,1,worse,10,10,9,9,155,139,570,554,heuristic,heuristic,csp,200001,195454,false,true,false
c40-m1,c40-m1-s5,1,worse,11,10,10,9,142,108,597,523,heuristic,heuristic,csp,200001,131937,false,true,false
c40-m1,c40-m1-s6,1,worse,11,10,10,9,142,130,597,545,heuristic,heuristic,csp,200001,200000,false,true,false
c40-m1,c40-m1-s7,1,worse,11,10,10,9,128,113,583,528,heuristic,heuristic,csp,200001,114280,false,true,false
c40-m1,c40-m1-s8,1,worse,11,10,10,9,139,133,594,548,heuristic,heuristic,csp,200001,170512,false,true,false
c40-m1,c40-m1-s9,1,worse,10,10,9,9,178,142,593,557,heuristic,heuristic,csp,200001,165841,false,true,false
c40-m1,c40-m1-s10,1,worse,11,10,10,9,110,97,565,512,heuristic,heuristic,csp,111508,59283,true,false,false
c40-m1,c40-m1-s11,1,worse,11,10,10,9,141,117,596,532,heuristic,heuristic,csp,128734,75379,true,false,false
c40-m1,c40-m1-s12,1,worse,10,10,9,9,156,139,571,554,heuristic,heuristic,csp,200001,199999,false,true,false
c40-m1,c40-m1-s13,1,worse,11,10,10,9,144,120,599,535,heuristic,heuristic,csp,60964,41948,true,false,false
c40-m1,c40-m1-s14,1,worse,11,10,10,9,142,138,597,553,heuristic,heuristic,csp,200001,159424,false,true,false
c40-m1,c40-m1-s15,1,worse,11,10,10,9,125,108,580,523,heuristic,heuristic,csp,41150,23388,true,false,false
c40-m1,c40-m1-s16,1,worse,11,10,10,9,140,113,595,528,heuristic,heuristic,csp,164678,97477,true,false,false
c40-m1,c40-m1-s17,1,worse,10,10,9,9,163,115,578,530,heuristic,heuristic,csp,200001,156092,false,true,false
c40-m1,c40-m1-s18,1,worse,11,10,10,9,143,115,598,530,heuristic,heuristic,csp,85379,58781,true,false,false
c40-m1,c40-m1-s19,1,worse,11,10,10,9,141,114,596,529,heuristic,heuristic,csp,157013,120511,true,false,false
c40-m1,c40-m1-s20,1,worse,11,10,10,9,137,131,592,546,heuristic,heuristic,csp,82058,58299,true,false,false
c40-m1,c40-m1-s21,1,worse,11,10,10,9,127,103,582,518,heuristic,heuristic,csp,101533,44877,true,false,false
c40-m1,c40-m1-s22,1,worse,11,10,10,9,140,111,595,526,heuristic,heuristic,csp,35550,23524,true,false,false
c40-m1,c40-m1-s23,1,worse,11,10,10,9,144,131,599,546,heuristic,heuristic,csp,200001,200000,false,true,false
c40-m1,c40-m1-s24,1,worse,11,10,10,9,143,106,598,521,heuristic,heuristic,csp,68636,56808,true,false,false
c40-m1,c40-m1-s25,1,worse,11,10,10,9,128,124,583,539,heuristic,heuristic,csp,61141,46290,true,false,false
c40-m3,c40-m3-s1,3,worse,11,10,8,7,118,121,573,536,heuristic,heuristic,csp,200001,69490,false,true,false
c40-m3,c40-m3-s2,3,worse,11,10,8,7,139,132,594,547,heuristic,heuristic,csp,170066,31753,true,false,false
c40-m3,c40-m3-s3,3,worse,11,10,8,7,143,123,598,538,heuristic,heuristic,csp,200001,34271,false,true,false
c40-m3,c40-m3-s4,3,worse,11,10,8,7,144,172,599,587,heuristic,heuristic,csp,200001,93587,false,true,false
c40-m3,c40-m3-s5,3,worse,11,10,8,7,142,119,597,534,heuristic,heuristic,csp,200001,61656,false,true,false
c40-m3,c40-m3-s6,3,worse,11,10,8,7,142,130,597,545,heuristic,heuristic,csp,200001,114984,false,true,false
c40-m3,c40-m3-s7,3,worse,11,10,8,7,128,113,583,528,heuristic,heuristic,csp,200001,44567,false,true,false
c40-m3,c40-m3-s8,3,worse,11,10,8,7,139,141,594,556,heuristic,heuristic,csp,200001,93335,false,true,false
c40-m3,c40-m3-s9,3,worse,10,10,7,7,153,142,568,557,heuristic,heuristic,csp,200001,58914,false,true,false
c40-m3,c40-m3-s10,3,worse,11,10,8,7,110,105,565,520,heuristic,heuristic,csp,200001,63061,false,true,false
c40-m3,c40-m3-s11,3,worse,11,10,8,7,138,117,593,532,heuristic,heuristic,csp,122136,19690,true,false,false
c40-m3,c40-m3-s12,3,worse,10,10,7,7,151,141,566,556,heuristic,heuristic,csp,200001,64628,false,true,false
c40-m3,c40-m3-s13,3,worse,11,10,8,7,144,120,599,535,heuristic,heuristic,csp,94522,22558,true,false,false
c40-m3,c40-m3-s14,3,worse,11,10,8,7,144,138,599,553,heuristic,heuristic,csp,200001,85328,false,true,false
c40-m3,c40-m3-s15,3,worse,11,10,8,7,125,108,580,523,heuristic,heuristic,csp,50713,15476,true,false,false
c40-m3,c40-m3-s16,3,worse,11,10,8,7,142,130,597,545,heuristic,heuristic,csp,200001,57283,false,true,false
c40-m3,c40-m3-s17,3,worse,11,10,8,7,132,130,587,545,heuristic,heuristic,csp,200001,57253,false,true,false
c40-m3,c40-m3-s18,3,worse,11,10,8,7,140,115,595,530,heuristic,heuristic,csp,71356,27008,true,false,false
c40-m3,c40-m3-s19,3,worse,11,10,8,7,129,114,584,529,heuristic,heuristic,csp,200001,40707,false,true,false
c40-m3,c40-m3-s20,3,worse,11,10,8,7,143,131,598,546,heuristic,heuristic,csp,121962,41820,true,false,false
c40-m3,c40-m3-s21,3,worse,11,10,8,7,127,103,582,518,heuristic,heuristic,csp,128785,22656,true,false,false
c40-m3,c40-m3-s22,3,worse,11,10,8,7,121,127,576,542,heuristic,heuristic,csp,126915,38076,true,false,false
c40-m3,c40-m3-s23,3,worse,11,10,8,7,132,144,587,559,heuristic,heuristic,csp,200001,134581,false,true,false
c40-m3,c40-m3-s24,3,worse,11,10,8,7,143,106,598,521,heuristic,heuristic,csp,177818,86601,true,false,false
c40-m3,c40-m3-s25,3,worse,11,10,8,7,142,124,597,539,heuristic,heuristic,csp,105720,24517,true,false,false
c40-m6,c40-m6-s1,6,worse,11,10,5,4,118,121,573,536,heuristic,heuristic,csp,200001,8382,false,true,false
c40-m6,c40-m6-s2,6,worse,11,10,5,4,145,132,600,547,heuristic,heuristic,csp,200001,2704,false,true,false
c40-m6,c40-m6-s3,6,worse,10,10,4,4,155,123,570,538,heuristic,heuristic,csp,200001,7379,false,true,false
c40-m6,c40-m6-s4,6,worse,11,10,5,4,140,144,595,559,heuristic,heuristic,csp,200001,28269,false,true,false
c40-m6,c40-m6-s5,6,worse,11,10,5,4,139,140,594,555,heuristic,heuristic,csp,200001,4880,false,true,false
c40-m6,c40-m6-s6,6,worse,10,10,4,4,148,127,563,542,heuristic,heuristic,csp,200001,11379,false,true,false
c40-m6,c40-m6-s7,6,worse,11,10,5,4,129,113,584,528,heuristic,heuristic,csp,200001,4899,false,true,false
c40-m6,c40-m6-s8,6,worse,11,10,5,4,141,133,596,548,heuristic,heuristic,csp,200001,6970,false,true,false
c40-m6,c40-m6-s9,6,worse,10,10,4,4,150,145,565,560,heuristic,heuristic,csp,200001,10668,false,true,false
c40-m6,c40-m6-s10,6,worse,11,10,5,4,110,97,565,512,heuristic,heuristic,csp,154521,8681,true,false,false
c40-m6,c40-m6-s11,6,worse,11,10,5,4,138,117,593,532,heuristic,heuristic,csp,200001,7510,false,true,false
c40-m6,c40-m6-s12,6,worse,10,10,4,4,150,130,565,545,heuristic,heuristic,csp,200001,23080,false,true,false
c40-m6,c40-m6-s13,6,worse,11,10,5,4,133,120,588,535,heuristic,heuristic,csp,87977,5927,true,false,false
c40-m6,c40-m6-s14,6,worse,11,10,5,4,142,138,597,553,heuristic,heuristic,csp,200001,4498,false,true,false
c40-m6,c40-m6-s15,6,worse,11,10,5,4,122,108,577,523,heuristic,heuristic,csp,48485,1783,true,false,false
c40-m6,c40-m6-s16,6,worse,11,10,5,4,144,130,599,545,heuristic,heuristic,csp,200001,3431,false,true,false
c40-m6,c40-m6-s17,6,worse,11,10,5,4,144,130,599,545,heuristic,heuristic,csp,200001,7155,false,true,false
c40-m6,c40-m6-s18,6,worse,11,10,5,4,137,115,592,530,heuristic,heuristic,csp,175621,13077,true,false,false
c40-m6,c40-m6-s19,6,worse,11,10,5,4,129,114,584,529,heuristic,heuristic,csp,200001,2237,false,true,false
c40-m6,c40-m6-s20,6,worse,11,10,5,4,145,131,600,546,heuristic,heuristic,csp,132797,6339,true,false,false
c40-m6,c40-m6-s21,6,worse,11,10,5,4,129,103,584,518,heuristic,heuristic,csp,76021,6543,true,false,false
c40-m6,c40-m6-s22,6,worse,11,10,5,4,130,127,585,542,heuristic,heuristic,csp,169531,6723,true,false,false
c40-m6,c40-m6-s23,6,worse,11,10,5,4,145,136,600,551,heuristic,heuristic,csp,200001,31817,false,true,false
c40-m6,c40-m6-s24,6,worse,11,10,5,4,131,106,586,521,heuristic,heuristic,csp,164638,6633,true,false,false
c40-m6,c40-m6-s25,6,worse,11,10,5,4,144,124,599,539,heuristic,heuristic,csp,110915,2536,true,false,false
